<?xml version="1.0" encoding="UTF-8"?>
<!DOCTYPE struts PUBLIC "-//Apache Software Foundation//DTD Struts Configuration 2.1.7//EN" "struts-2.1.7.dtd" >
<struts>
  <package  extends="struts-default"  name="identity" namespace="/identity">
    <action name="add" class="org.ssmm2.example.action.UserAction" method="add">
         <result name="input">/page/identity/add.jsp</result>
         <result>/page/identity/list.jsp</result>
    </action>
    <action name="delete" class="org.ssmm2.example.action.UserAction" method="delete">
         <result name="input">/page/identity/del.jsp</result>
         <result>/page/identity/list.jsp</result>
    </action>
  </package>
</struts>
