<?xml version="1.0" encoding="UTF-8"?>
<!DOCTYPE mapper PUBLIC "-//mybatis.org//DTD Mapper 3.0//EN" "mybatis-3-mapper.dtd" >
<mapper namespace="org.ssmm2.example.persistence.mapper.UserMapper">
  <cache/>
  <insert id="insert" parameterType="hashmap"  >
    INSERT INTO TB_USER(NAME,PASSWORD,REMARK) values(#{NAME,jdbcType=VARCHAR},#{PASSWORD,jdbcType=VARCHAR},#{REMARK,jdbcType=VARCHAR})
  </insert>
  <insert id="insertAll" parameterType="list"  >
    <foreach item="item"  index="index" collection="list"  separator="," >
    	INSERT INTO TB_USER(NAME,PASSWORD,REMARK) values(#{item.NAME},#{item.PASSWORD},#{item.REMARK})
    </foreach>
  </insert>
  <select id="selectAll" resultType="hashmap">
  	SELECT * FROM TB_USER
  </select>
  <delete id="deleteAll" parameterType="long">
   <foreach index="index" collection="array" item="item" open="(" separator="," close=")">
  		DELETE FROM TB_USER WHERE ID=#{item}
  	</foreach>
  </delete>
  
</mapper>
